id,stream,stage,title,inputs,decision,owner,approver,due,target_date,evidence,blocks,deps,gate,critical,owner_unknown,questions,drive_folder,task_manager_id,status
CP-01,Главный контур,Бриф,Бриф и границы проекта,"Цели, ремонтируемая часть, ограничения проживания, сохраняемые вещи, ориентир бюджета","Утвердить состав работ, полномочия решений и границу квартиры",Пользователь — координатор/дизайнер (роль подтвердить),Ирина,Старт проекта,[дата — после подтверждения графика],Подписанный бриф и список допущений,Обследование и весь проект,,,Да,Нет,,00_Control_Center,[ID после выбора системы],Не начато / требует данных
CP-02,Главный контур,Обследование / обмеры,Обследование и точный обмер,"CP-01, доступ, исходные планы и фото","Зафиксировать натуру: геометрию, уровни, потолки, инженерные точки и дефекты",Архитектор / инженер — не назначен,Пользователь + Ирина,"После CP-01, до необратимых решений",[дата — после подтверждения графика],"Обмерный план, фото, карта уровней, ведомость расхождений",Проверенную базу и все технические решения,CP-01,СТОП: нельзя подтверждать без осмотра и физического замера,Да,Да,A02; A10,00_Control_Center,[ID после выбора системы],Не начато / требует данных
CP-03,Главный контур,Обследование / обмеры,Проверенная база 2D / 3D,CP-02 и существующие планы/3D,Принять одну версию плана и модели как базу проектирования,Пользователь,Архитектор / инженер — не назначен,До проектной фиксации,[дата — после подтверждения графика],"Сверочный отчёт «план ↔ натура ↔ 3D», номер ревизии","Планировку, смету, мебель и инженерные привязки",CP-02,СТОП: предварительная 3D-модель не является обмером,Да,Нет,,00_Control_Center,[ID после выбора системы],Не начато / требует данных
CP-04,Главный контур,Проектные решения,Координационный design freeze,CP-03 и согласованные решения всех проектных веток,"Заморозить планировку, проёмы, MEP, потолки, свет, уровни и спецификации",Пользователь,Ирина + архитектор / инженер — не назначен,"После проектных веток, до точной сметы",[дата — после подтверждения графика],"Комплект с ревизией, листом согласований и перечнем открытых вопросов","Точную смету, закупки и демонтаж",CP-03; PL-02; FL-02; HY-02; HV-02; EL-02; SA-02; KI-02; DG-01; MA-01,СТОП: непроверенные решения явно исключаются из выпуска,Да,Нет,,00_Control_Center,[ID после выбора системы],Не начато / требует данных
CP-05,Главный контур,Смета / согласования,"Смета, договор и готовность к старту","CP-04, BOQ, коммерческие предложения, разрешения и матрица ролей","Утвердить scope, цену, исключения, платежи, гарантии, изменения и старт",Алексей,Пользователь + Ирина,До мобилизации,[дата — после подтверждения графика],"Подписанные смета, договор, RACI и перечень разрешений",Выход бригады и заказы за рамками согласованного бюджета,CP-04; BC-01; BC-02,,Да,Нет,A03; A06,00_Control_Center,[ID после выбора системы],Не начато / требует данных
CP-06,Главный контур,Подготовка,Изоляция жилой части и защита площадки,"CP-05, доступ, правила здания, инвентаризация сохраняемого","Утвердить пыле-/шумозащиту, безопасный маршрут, отключения, хранение и уборку",Алексей,Ирина,Непосредственно до демонтажа,[дата — после подтверждения графика],"Фото защиты, схема доступа, акт допуска и уведомления",Безопасный демонтаж,CP-05; AR-01,СТОП: выпуск после осмотра границы жилой и рабочей зон,Да,Нет,A01; A08,00_Control_Center,[ID после выбора системы],Не начато / требует данных
CP-07,Главный контур,Демонтаж / вскрытия,Демонтаж и утверждённые проёмы,"CP-06, проект демонтажа, отключения, PL-01",Выполнить только маркированный объём и фиксировать все вскрытия,Алексей,Архитектор / инженер — не назначен,"После защиты, до rough-in",[дата — после подтверждения графика],"Фото по зонам, объёмы, вывоз, акт и карта вскрытий",Повторный обмер и инженерные работы,CP-06; PL-01,СТОП: неизвестные конструкции/сети не демонтировать без проверки,Да,Нет,A03; A04,00_Control_Center,[ID после выбора системы],Не начато / требует данных
CP-08,Главный контур,Демонтаж / вскрытия,Stop/go после вскрытий,CP-07 и фактически открытые конструкции/сети,"Подтвердить или скорректировать проект, стоимость и последовательность",Архитектор / инженер — не назначен,Пользователь + Алексей + Ирина при изменении бюджета/дизайна,"Сразу после вскрытий, до инженерии",[дата — после подтверждения графика],"Акт вскрытий, фото, закрытые RFI и ревизии проекта",Скрытые инженерные работы,CP-07,СТОП: продолжение только после фиксации открывшихся условий,Да,Да,A04; A09,00_Control_Center,[ID после выбора системы],Не начато / требует данных
CP-09,Главный контур,Инженерия,Сводный выпуск MEP / UFH,"CP-08 и согласованные планы электрики, сантехники, HVAC, тёплого пола и кухни",Выпустить бесконфликтный план скрытых трасс и закладных,Архитектор / инженер — не назначен,Пользователь,До начала first fix,[дата — после подтверждения графика],Сводный чертёж и clash-check,Все скрытые инженерные работы,CP-08; HV-02; EL-02; SA-02; FL-02; KI-02,СТОП: маршруты и мощности подтверждаются специалистами,Да,Да,,00_Control_Center,[ID после выбора системы],Не начато / требует данных
CP-10,Главный контур,Инженерия,Rough-in и закладные завершены,CP-09 и рабочие чертежи дисциплин,"Завершить и зафиксировать скрытые сети, закладные и сервисный доступ",Алексей,Пользователь,До испытаний и закрытия,[дата — после подтверждения графика],"Фото-карта, исполнительные трассы и лист завершения",Испытания скрытых работ,CP-09; EL-03; SA-03; HV-03; FL-03,СТОП: визуальный осмотр до закрытия,Да,Нет,A07,00_Control_Center,[ID после выбора системы],Не начато / требует данных
CP-11,Главный контур,Скрытые работы / испытания,Испытания скрытых работ приняты,CP-10 и протоколы дисциплин,"Разрешить гидроизоляцию, стяжки и закрытие только после успешных тестов",Алексей,Архитектор / инженер — не назначен,До закрытия любой конструкции,[дата — после подтверждения графика],"Подписанные протоколы, фото/видео и as-built","Гидроизоляцию, стяжку, стены и потолки",CP-10,"СТОП: обязательны испытания электрики, воды, слива, HVAC/конденсата и UFH",Да,Нет,A07,00_Control_Center,[ID после выбора системы],Не начато / требует данных
CP-12,Главный контур,Закрытие конструкций,Разрешение на закрытие,"CP-11, HY-04 и закрытые RFI","Подтвердить готовность стен, потолков, стяжек и мокрых зон к закрытию",Алексей,Пользователь + архитектор / инженер — не назначен,"После тестов, до плитки/ГКЛ/стяжки",[дата — после подтверждения графика],Акт hold point и фото скрытого,Отделочные основания,CP-11; HY-04,СТОП: закрытие без акта не допускается,Да,Нет,,00_Control_Center,[ID после выбора системы],Не начато / требует данных
CP-13,Главный контур,Отделка,Отделка и готовность к контрольным замерам,"CP-12, утверждённые образцы, материалы и сухие основания","Принять геометрию, уровни, влажность и чистовые поверхности",Алексей,Пользователь + Ирина по внешнему виду,До финальных замеров заказных изделий,[дата — после подтверждения графика],"Комнатный чек-лист, замеры ровности/влажности и фото","Кухню, гардеробную, двери, стекло и финальный монтаж",CP-12; MA-03; FL-04,,Да,Нет,,00_Control_Center,[ID после выбора системы],Не начато / требует данных
CP-14,Главный контур,Мебель / свет,"Мебель, двери, стекло, приборы и свет установлены","CP-13, поставки и контрольные замеры",Собрать фиксированные элементы без повреждения готовой отделки,Алексей,Пользователь,"После готовности поверхностей, до пусконаладки",[дата — после подтверждения графика],Чек-листы монтажа и перечень дефектов,Пусконаладку и общую приёмку,CP-13; KI-04; WA-03; DG-03; PR-03; EL-04; SA-04,,Да,Нет,,00_Control_Center,[ID после выбора системы],Не начато / требует данных
CP-15,Главный контур,Приёмка,Пусконаладка всех систем,"CP-14, BA-03, HV-04 и паспорта оборудования","Проверить совместную работу электрики, света, сантехники, HVAC, UFH и техники",Архитектор / инженер — не назначен,Пользователь + Ирина,До передачи объекта,[дата — после подтверждения графика],"Протоколы пуска, инструкции, маркировка и ключи",Финальную приёмку,CP-14; HV-04; BA-03,СТОП: функциональные испытания обязательны,Да,Да,,00_Control_Center,[ID после выбора системы],Не начато / требует данных
CP-16,Главный контур,Приёмка,Передача объекта,"CP-15, закрытый snag, уборка, исполнительная документация и гарантии",Принять объект либо подписать остаточный перечень,Алексей,Ирина,Финальный этап,[дата — после подтверждения графика],"Подписанный акт, as-built, гарантии и остаточный список",Закрытие проекта,CP-15; AN-02; AR-02,,Да,Нет,,00_Control_Center,[ID после выбора системы],Не начато / требует данных
PL-01,Планировка / проёмы,Обследование / обмеры,Конструктив и разрешения по проёмам,"CP-03, правила Elena Beach Apartments, обследование стен и границы квартиры","Определить, какие стены/проёмы можно менять и нужен ли расчёт/разрешение",Архитектор / инженер — не назначен,Пользователь,До PL-02 и демонтажа,[дата — после подтверждения графика],"Классификация стен, ответ управления здания, расчёт/разрешение при необходимости",Планировку и демонтаж проёмов,CP-03,СТОП: нельзя подтверждать проём без осмотра и конструктивной проверки,Нет,Да,A03; A08,02_Design/Planning_Openings,[ID после выбора системы],Не начато / требует данных
PL-02,Планировка / проёмы,Проектные решения,Планировка и ведомость проёмов,"PL-01, CP-03, бриф и ограничения инженерии","Утвердить комнаты, двери, проходы, санузлы и крупный проём к соседней части",Пользователь,Ирина + архитектор / инженер — не назначен,До CP-04,[дата — после подтверждения графика],Размерный план и ведомость проёмов,"MEP, потолки, двери, мебель и смету",PL-01,СТОП: решение выпускается только на проверенной базе,Нет,Нет,,02_Design/Planning_Openings,[ID после выбора системы],Не начато / требует данных
FL-01,Пол / тёплый пол,Обследование / обмеры,Диагностика пирога пола и уровней,"CP-02, существующие покрытия, пороги и балконные примыкания","Определить слои, перепады, влагу, допустимый подъём и нагрузку",Архитектор / инженер — не назначен,Алексей,До выбора системы,[дата — после подтверждения графика],"Карта уровней, зонды/вскрытия, замеры влажности","Тёплый пол, двери, пороги, покрытия и мебель",CP-02,СТОП: требуется замер и диагностическое вскрытие,Нет,Да,A11,03_Engineering/Floor_UFH,[ID после выбора системы],Не начато / требует данных
FL-02,Пол / тёплый пол,Проектные решения,Система UFH и полный разрез пола,"FL-01, тепловая потребность, покрытия, стационарная мебель и точки питания","Выбрать систему, зоны, управление, мощности и слои до чистовой отметки",Архитектор / инженер — не назначен,Пользователь + Ирина,До CP-04 и закупки пола,[дата — после подтверждения графика],"Расчёт, план зон, разрез пирога и письменная совместимость покрытий","Электрику/гидравлику, стяжку, двери и заказ покрытий",FL-01,СТОП: решение подтверждает профильный специалист,Нет,Да,,03_Engineering/Floor_UFH,[ID после выбора системы],Не начато / требует данных
FL-03,Пол / тёплый пол,Скрытые работы / испытания,Монтаж и тест тёплого пола,CP-09 и FL-02,"Принять раскладку, датчики, зоны и результат теста до заливки",Алексей + специалист UFH — не назначен,Архитектор / инженер — не назначен,До стяжки/закрытия,[дата — после подтверждения графика],Фото трасс и протокол сопротивления либо давления,Стяжку и покрытия,CP-09; FL-02,СТОП: заливка только после подписанного теста,Нет,Да,A02; A07,03_Engineering/Floor_UFH,[ID после выбора системы],Не начато / требует данных
FL-04,Пол / тёплый пол,Отделка,"Стяжка, влажность, прогрев и финишный пол","FL-03, утверждённые материалы и режим производителя","Подтвердить ровность, остаточную влажность, запуск/прогрев и стыки",Алексей,Пользователь,"После успешного теста, до встроенной мебели",[дата — после подтверждения графика],Протокол ровности/влажности/запуска и приёмка покрытия,"Двери, кухню, мебель и передачу",FL-03; MA-02,СТОП: финиш не укладывать на неподтверждённое основание,Нет,Нет,,03_Engineering/Floor_UFH,[ID после выбора системы],Не начато / требует данных
HY-01,Гидроизоляция,Обследование / обмеры,Диагностика мокрых зон,"CP-02, основания, трапы, проходки, пороги и соседняя жилая часть","Определить состояние основания, сливов и зоны риска",Сантехник — не назначен + архитектор / инженер — не назначен,Алексей,До спецификации гидроизоляции,[дата — после подтверждения графика],"Акт осмотра, фото и схема проблемных узлов",Систему гидроизоляции и санузлы,CP-02,СТОП: требуется осмотр основания и сливов,Нет,Да,A02,03_Engineering/Waterproofing,[ID после выбора системы],Не начато / требует данных
HY-02,Гидроизоляция,Проектные решения,Система и узлы гидроизоляции,"HY-01, плитка, трапы, сантехника и разрез пола","Выбрать единую систему, высоты заведения и детали углов/проходок",Архитектор / инженер — не назначен,Пользователь,До CP-04 и закупки,[дата — после подтверждения графика],"Узлы, спецификация одного системного производителя и method statement","Подготовку основания, закупку и монтаж",HY-01; FL-02,СТОП: детали уточняются по фактическому основанию,Нет,Да,,03_Engineering/Waterproofing,[ID после выбора системы],Не начато / требует данных
HY-03,Гидроизоляция,Скрытые работы / испытания,Нанесение гидроизоляции,"SA-03, HY-02 и подготовленное основание","Принять каждый слой, проходки и примыкания до сокрытия",Алексей,Пользователь,"После сантехнических тестов, до облицовки",[дата — после подтверждения графика],"Послойные фото, номера партий и чек-лист нанесения",Пролив и плитку,SA-03; HY-02; CP-11,СТОП: обязательные фото hold points,Нет,Нет,,03_Engineering/Waterproofing,[ID после выбора системы],Не начато / требует данных
HY-04,Гидроизоляция,Скрытые работы / испытания,Испытание гидроизоляции,HY-03,Разрешить облицовку только после принятого пролива,Алексей,Архитектор / инженер — не назначен,До плитки и закрытия мокрой зоны,[дата — после подтверждения графика],Подписанный протокол пролива и фото,Закрытие конструкций и плитку,HY-03,СТОП: облицовка только после успешного испытания,Нет,Нет,A07,03_Engineering/Waterproofing,[ID после выбора системы],Не начато / требует данных
HV-01,Вентиляция / AC,Обследование / обмеры,Обследование HVAC и вентиляции,"CP-02, существующие блоки/каналы, фасад, балконы и доступ к обслуживанию","Проверить мощности, трассы, конденсат, воздух, шум и правила здания",HVAC-специалист — не назначен,Архитектор / инженер — не назначен,До выбора оборудования и потолков,[дата — после подтверждения графика],"Акт обследования, расчёт нагрузок и допустимые маршруты","Потолки, электрику, мебель и заказ оборудования",CP-02,СТОП: требуется осмотр и расчёт HVAC,Нет,Да,A02; A08; A10,03_Engineering/HVAC,[ID после выбора системы],Не начато / требует данных
HV-02,Вентиляция / AC,Проектные решения,Проект HVAC / вентиляции,"HV-01, планировка, свет, потолки и требования комфорта","Утвердить оборудование, решётки, трассы, дренаж, люки и управление",HVAC-специалист — не назначен,Пользователь + Ирина,До CP-04 и заказа оборудования,[дата — после подтверждения графика],"Координационные чертежи, ведомость и расчёт","Электрику, потолки, rough-in и закупку",HV-01; PL-02,СТОП: маршрут конденсата и сервисный доступ проверяются на месте,Нет,Да,,03_Engineering/HVAC,[ID после выбора системы],Не начато / требует данных
HV-03,Вентиляция / AC,Скрытые работы / испытания,Rough-in и тест HVAC,CP-09 и HV-02,"Принять трассы, герметичность, дренаж и доступ до потолка",HVAC-специалист — не назначен,Архитектор / инженер — не назначен,До закрытия потолков,[дата — после подтверждения графика],Протокол давления/герметичности/дренажа и фото,Закрытие потолков,CP-09; HV-02,СТОП: потолок закрывается после теста,Нет,Да,A07,03_Engineering/HVAC,[ID после выбора системы],Не начато / требует данных
HV-04,Вентиляция / AC,Приёмка,Пуск и балансировка HVAC,"HV-03, установленное оборудование и готовая электрика","Подтвердить температуру, расход воздуха, шум, конденсат и управление",HVAC-специалист — не назначен,Пользователь + Ирина,До CP-15,[дата — после подтверждения графика],"Отчёт пуска, балансировки и инструкции",Общую приёмку,HV-03; EL-04,СТОП: передача после функционального теста,Нет,Да,,03_Engineering/HVAC,[ID после выбора системы],Не начато / требует данных
EL-01,Электрика / освещение,Обследование / обмеры,"Аудит мощности, щита и заземления","CP-02, существующий щит, техника, HVAC и UFH","Определить доступную мощность, состояние кабелей, защиту и необходимость модернизации",Электрик — не назначен,Архитектор / инженер — не назначен,До планов нагрузок,[дата — после подтверждения графика],"Измерения, отчёт по мощности и перечень замечаний","Технику, HVAC, UFH и проект групп",CP-02,СТОП: требуется проверка квалифицированным электриком,Нет,Да,A02; A10,03_Engineering/Electrical_Lighting,[ID после выбора системы],Не начато / требует данных
EL-02,Электрика / освещение,Проектные решения,Силовой план и многоуровневый свет,"EL-01, план мебели, кухня, HVAC, потолки и сценарии Ирины","Утвердить точки, группы, выключатели, диммирование, драйверы и сервисный доступ",Пользователь + электрик — не назначен,Ирина + архитектор / инженер — не назначен,До CP-04,[дата — после подтверждения графика],"План розеток/выключателей, RCP, сценарии и ведомость групп","Rough-in, потолки, кухню и закупку света",EL-01; PL-02; KI-02; HV-02,СТОП: нагрузки и маршруты подтверждает электрик,Нет,Да,,03_Engineering/Electrical_Lighting,[ID после выбора системы],Не начато / требует данных
EL-03,Электрика / освещение,Скрытые работы / испытания,Электромонтаж first fix и тест,CP-09 и EL-02,"Принять трассы, коробки, маркировку, защиту и тесты до закрытия",Электрик — не назначен,Архитектор / инженер — не назначен,До закрытия стен/потолков,[дата — после подтверждения графика],"Фото трасс, continuity/insulation/RCD test и обновлённая схема щита",Закрытие конструкций,CP-09; EL-02,СТОП: закрытие только после протокола,Нет,Да,A07,03_Engineering/Electrical_Lighting,[ID после выбора системы],Не начато / требует данных
EL-04,Электрика / освещение,Мебель / свет,Монтаж и настройка света,"CP-13, EL-03, светильники и драйверы","Проверить сцены, фокусировку, диммирование, доступ к драйверам и маркировку",Электрик — не назначен,Пользователь + Ирина,До CP-14/CP-15,[дата — после подтверждения графика],Чек-лист сцен и функциональный тест,Пусконаладку и передачу,CP-13; EL-03; PR-03,,Нет,Да,,03_Engineering/Electrical_Lighting,[ID после выбора системы],Не начато / требует данных
SA-01,Сантехника,Обследование / обмеры,Обследование стояков и канализации,"CP-02, существующие санузлы, кухня, давление и ГВС","Проверить стояки, диаметры, уклоны, давление, вентиляцию и доступ к ревизиям",Сантехник — не назначен,Архитектор / инженер — не назначен,До переноса санузлов и выбора приборов,[дата — после подтверждения графика],"Акт обследования, замеры, тесты и схема существующих сетей",Планировку санузлов и трассы,CP-02,СТОП: переносы нельзя подтверждать без осмотра и замеров,Нет,Да,A02; A10,03_Engineering/Plumbing,[ID после выбора системы],Не начато / требует данных
SA-02,Сантехника,Проектные решения,"Приборы, точки, уклоны и ревизии","SA-01, планировка, модели приборов и кухня","Утвердить приборы, точки, маршруты, уклоны и сервисный доступ",Сантехник — не назначен,Пользователь + Ирина,До CP-04,[дата — после подтверждения графика],Координационный план и монтажные листы приборов,"Стены, закупку и rough-in",SA-01; PL-02; KI-02,СТОП: модели приборов и фактические уровни должны быть подтверждены,Нет,Да,,03_Engineering/Plumbing,[ID после выбора системы],Не начато / требует данных
SA-03,Сантехника,Скрытые работы / испытания,Rough-in и тест сантехники,CP-09 и SA-02,"Принять давление, слив, уклоны, герметичность и фото трасс",Сантехник — не назначен,Архитектор / инженер — не назначен,До гидроизоляции и закрытия,[дата — после подтверждения графика],Протокол опрессовки/пролива и фото,Гидроизоляцию и закрытие,CP-09; SA-02,СТОП: переход только после тестов,Нет,Да,A07,03_Engineering/Plumbing,[ID после выбора системы],Не начато / требует данных
SA-04,Сантехника,Мебель / свет,Финальная установка сантехники,"CP-13, SA-03 и принятые приборы","Проверить крепление, герметизацию, расход, слив и доступ к сервису",Сантехник — не назначен,Пользователь,До CP-14/CP-15,[дата — после подтверждения графика],Чек-лист функций и отсутствия протечек,Общую пусконаладку,CP-13; SA-03; PR-03,,Нет,Да,,03_Engineering/Plumbing,[ID после выбора системы],Не начато / требует данных
KI-01,Кухня,Проектные решения,Концепция и эргономика кухни,"CP-03, бриф, сохраняемый стол и подтверждённая ниша","Утвердить компоновку, хранение, фасады, фартук и свет",Пользователь,Ирина,До KI-02,[дата — после подтверждения графика],Утверждённые план/развёртки и перечень открытых вопросов,"Технику, инженерные точки и shop drawings",CP-03; AR-01,СТОП: предварительные модули не являются производственными размерами,Нет,Нет,,02_Design/Kitchen,[ID после выбора системы],Не начато / требует данных
KI-02,Кухня,Проектные решения,Техника и инженерные требования кухни,"KI-01, точные модели техники и монтажные инструкции","Заморозить технику, вентиляционные зазоры, воду, слив, питание и освещение",Пользователь + мебельщик / конструктор — не назначен,Ирина + архитектор / инженер — не назначен,До CP-04 и rough-in,[дата — после подтверждения графика],Подписанная ведомость техники и координационный лист,"Сантехнику, электрику, вентиляцию и производство",KI-01; EL-01; SA-01; HV-01,СТОП: только точные модели и монтажные листы,Нет,Да,,02_Design/Kitchen,[ID после выбора системы],Не начато / требует данных
KI-03,Кухня,Отделка,Контрольный замер и выпуск кухни,"CP-13, KI-02, готовые/определённые стены и уровни","Утвердить shop drawings, допуски, материалы, фурнитуру и заказ",Мебельщик / конструктор — не назначен,Пользователь + Ирина,"После готовности геометрии, до производства",[дата — после подтверждения графика],"Подписанный контрольный замер, shop drawings и образцы",Производство и монтаж кухни,CP-13; KI-02; MA-02,СТОП: производство только после физического контрольного замера,Нет,Да,A02; A12,02_Design/Kitchen,[ID после выбора системы],Не начато / требует данных
KI-04,Кухня,Мебель / свет,Монтаж и приёмка кухни,"KI-03, поставленные модули, столешница и техника","Принять геометрию, фасады, фурнитуру, подключение и вентиляцию",Мебельщик / конструктор — не назначен,Пользователь + Ирина,До CP-14,[дата — после подтверждения графика],"Монтажный чек-лист, тест техники и punch list",Общую пусконаладку,KI-03; PR-03,,Нет,Да,,02_Design/Kitchen,[ID после выбора системы],Не начато / требует данных
WA-01,Walk-in гардеробная,Бриф,Инвентаризация хранения,"Состав вещей, длинное/короткое хранение, обувь, чемоданы и зеркало",Утвердить вместимость и приоритеты,Пользователь,Ирина,До компоновки,[дата — после подтверждения графика],Подписанная ведомость хранения,Проект гардеробной,CP-01,,Нет,Нет,,02_Design/Walk_in_Wardrobe,[ID после выбора системы],Не начато / требует данных
WA-02,Walk-in гардеробная,Отделка,Shop drawings и контрольный замер гардеробной,"CP-13, WA-01, вентиляция, свет, дверной проход и готовая геометрия","Утвердить компоновку, материалы, фурнитуру и заказ",Мебельщик / конструктор — не назначен,Пользователь + Ирина,"После готовности геометрии, до производства",[дата — после подтверждения графика],"Контрольный замер, shop drawings и образец",Производство и монтаж,CP-13; WA-01; HV-02; EL-02,СТОП: нужен физический замер и проверка вентиляции,Нет,Да,,02_Design/Walk_in_Wardrobe,[ID после выбора системы],Не начато / требует данных
WA-03,Walk-in гардеробная,Мебель / свет,Монтаж и приёмка гардеробной,WA-02 и поставленные элементы,"Проверить вместимость, геометрию, фурнитуру, подсветку и двери",Мебельщик / конструктор — не назначен,Пользователь + Ирина,До CP-14,[дата — после подтверждения графика],Чек-лист функций и дефектов,Финальную приёмку,WA-02; PR-03,,Нет,Да,,02_Design/Walk_in_Wardrobe,[ID после выбора системы],Не начато / требует данных
DG-01,Двери / стекло,Проектные решения,Ведомость дверей и стекла,"PL-02, полы, приватность, влажность, безопасность и образцы","Утвердить типы, направления, фурнитуру, стекло и подготовку проёмов",Пользователь,Ирина + архитектор / инженер — не назначен,До CP-04 и подготовки проёмов,[дата — после подтверждения графика],"Ведомость, узлы, требования безопасного стекла и образцы","Проёмы, смету и запрос поставщику",PL-02; FL-02,СТОП: размеры привязать к проверенным проёмам и уровням,Нет,Нет,,02_Design/Doors_Glass,[ID после выбора системы],Не начато / требует данных
DG-02,Двери / стекло,Отделка,Финальный замер и заказ дверей/стекла,"CP-13, DG-01 и готовые проёмы/уровни пола","Подписать замер, shop drawings, фурнитуру и заказ",Поставщик — не назначен,Пользователь,"После готовности проёмов, до производства",[дата — после подтверждения графика],"Подписанный замер, shop drawings и PO",Производство и монтаж,CP-13; DG-01,СТОП: заказ только после физического контрольного замера,Нет,Да,A12,02_Design/Doors_Glass,[ID после выбора системы],Не начато / требует данных
DG-03,Двери / стекло,Мебель / свет,Монтаж и приёмка дверей/стекла,DG-02 и поставленные изделия,"Проверить зазоры, регулировку, уплотнения, фурнитуру и маркировку safety glass",Поставщик — не назначен,Пользователь,До CP-14,[дата — после подтверждения графика],"Монтажный акт, сертификат стекла и punch list",Финальную приёмку,DG-02; PR-03,,Нет,Да,,02_Design/Doors_Glass,[ID после выбора системы],Не начато / требует данных
MA-01,Материалы / образцы,Проектные решения,Ведомость отделки по помещениям,"CP-03, палитра, эксплуатационные требования и измеренные площади","Определить материал, код, характеристики, зону и допустимую замену",Пользователь,Ирина,До CP-04 и котировок,[дата — после подтверждения графика],Room finish schedule и технические спецификации,"Смету, узлы и образцы",CP-03,СТОП: точные количества только после обмера,Нет,Нет,,02_Design/Materials_Samples,[ID после выбора системы],Не начато / требует данных
MA-02,Материалы / образцы,Смета / согласования,Физические образцы и mock-up приняты,"MA-01, реальный свет, сохраняемая мебель, мокрые/наружные требования","Утвердить реальные образцы, сочетания, швы и контрольный эталон",Пользователь,Ирина,До массового заказа и отделки,[дата — после подтверждения графика],"Коды образцов, фото на объекте и лист согласования",Закупку и чистовую отделку,MA-01; AR-01,СТОП: массовая закупка только после физического образца,Нет,Нет,,02_Design/Materials_Samples,[ID после выбора системы],Не начато / требует данных
MA-03,Материалы / образцы,Закупки,"Заказ, партии и входной контроль материалов","MA-02, проверенные количества и коммерческие предложения","Подтвердить партию, запас, доставку, хранение и замены",Поставщик — не назначен,Пользователь,До начала соответствующей отделки,[дата — после подтверждения графика],"PO, партия, ведомость количества и акт приёмки",Отделку,MA-02; PR-02,СТОП: количество и партия проверяются до оплаты/укладки,Нет,Да,,02_Design/Materials_Samples,[ID после выбора системы],Не начато / требует данных
BA-01,Балконы,Обследование / обмеры,Диагностика балконов и правила здания,"CP-02, пороги, уклоны, дренаж, гидроизоляция, фасад и общедомовые правила","Определить допустимый объём, ответственность и необходимость разрешения",Архитектор / инженер — не назначен,Алексей,До решения по наружным работам,[дата — после подтверждения графика],"Акт осмотра, фото, замеры и ответ управления здания","Материалы, наружные блоки и работы",CP-02,СТОП: нельзя обещать фасадные/балконные работы без осмотра и согласования,Нет,Да,A08,03_Engineering/Balconies,[ID после выбора системы],Не начато / требует данных
BA-02,Балконы,Проектные решения,Узлы и материалы балконов,"BA-01, смежный пол, наружное скольжение и температурные требования","Утвердить уклоны, дренаж, примыкания, деформации и плитку",Пользователь,Ирина + архитектор / инженер — не назначен,До заказа и работ,[дата — после подтверждения графика],"Узлы, образец и подтверждение допуска",Закупку и выполнение,BA-01; FL-02; MA-02,,Нет,Нет,,03_Engineering/Balconies,[ID после выбора системы],Не начато / требует данных
BA-03,Балконы,Приёмка,Работы и испытание балконов,BA-02 и принятые материалы,"Проверить уклоны, сток, пороги, герметичность и отделку",Алексей,Архитектор / инженер — не назначен,До CP-15,[дата — после подтверждения графика],"Тест водой/дренажом, фото и приёмка отделки",Общую приёмку,BA-02; MA-03,СТОП: приёмка после испытания стока,Нет,Нет,,03_Engineering/Balconies,[ID после выбора системы],Не начато / требует данных
AR-01,Сохраняемая мебель / арт,Бриф,Инвентаризация и план защиты,"Стол, комод, зеркала, искусство и прочие сохраняемые предметы","Зафиксировать оставить/вывезти/реставрировать, размеры, состояние и место хранения",Пользователь,Ирина,До CP-06 и финального дизайна,[дата — после подтверждения графика],"Подписанная опись, фото, размеры, маркировка и план хранения","Защиту площадки, мебельный план, свет и отделку",CP-01,СТОП: размеры и состояние фиксируются на объекте,Нет,Нет,,01_Surveys/Existing_Furniture_Art,[ID после выбора системы],Не начато / требует данных
AR-02,Сохраняемая мебель / арт,Мебель / свет,Возврат мебели и арт,"CP-13, AR-01, закладные и свет",Вернуть предметы без повреждений и принять итоговую композицию,Алексей,Ирина,"После пыльных работ, до CP-16",[дата — после подтверждения графика],Фото цепочки хранения и акт состояния,Финальную передачу,CP-13; AR-01; EL-04,,Нет,Нет,,01_Surveys/Existing_Furniture_Art,[ID после выбора системы],Не начато / требует данных
PR-01,Закупки / логистика,Смета / согласования,Реестр long-lead,"CP-03, проектные решения и предложения поставщиков",Определить позиции с подтверждёнными сроками поставки и крайними точками решений,Пользователь,Ирина,Обновлять до design freeze и далее,[дата — после подтверждения графика],"Реестр с источником срока, ревизией спецификации и риском",Календарную программу и своевременный монтаж,CP-03,,Нет,Нет,A05; A12,05_Procurement_Logistics,[ID после выбора системы],Не начато / требует данных
PR-02,Закупки / логистика,Закупки,Разрешение заказа,"Утверждённая спецификация, образец, бюджет, количество и gate замера","Подтвердить поставщика, цену, ревизию, условия оплаты, замен и гарантию",Поставщик / мебельщик — не назначен,Ирина,До подтверждённого supplier cutoff; поле даты пустое,[дата — после подтверждения графика],"PO/договор, оплаченная спецификация и утверждённая ревизия",Производство и доставку,CP-05; PR-01,СТОП: заказ не выпускать при незакрытом замере/образце/бюджете,Нет,Да,A12,05_Procurement_Logistics,[ID после выбора системы],Не начато / требует данных
PR-03,Закупки / логистика,Закупки,"Доставка, хранение и входной контроль","PR-02, доступ, лифт, место хранения и график площадки","Принять количество, состояние, комплектность и документы",Алексей,Пользователь,До соответствующего монтажа,[дата — после подтверждения графика],"Акт доставки, фото дефектов, комплектность и гарантии","Монтаж мебели, света, дверей, сантехники и HVAC",PR-02; CP-06,,Нет,Нет,A08; A12,05_Procurement_Logistics,[ID после выбора системы],Не начато / требует данных
AN-01,Авторский надзор,Контроль,"Журнал решений, RFI и hold points","CP-04, рабочий комплект и программа Алексея","Фиксировать вопросы, решения, изменения цены/срока и контрольные точки",Пользователь / автор проекта (роль подтвердить),Алексей по исполнению; Ирина по дизайну/стоимости,С мобилизации до приёмки,[дата — после подтверждения графика],"Датированный decision log, RFI, фото и ревизии",Только затронутые работы при открытом RFI,CP-04,,Нет,Нет,A05; A09,06_Site_Photos_Reports,[ID после выбора системы],Не начато / требует данных
AN-02,Авторский надзор,Приёмка,"As-built, snag и закрытие замечаний","Протоколы дисциплин, фото скрытого, гарантии и исполнительные схемы",Закрыть замечания и собрать пакет передачи,Алексей,Пользователь + Ирина,До CP-16,[дата — после подтверждения графика],"Закрытый snag, as-built, сертификаты, инструкции и гарантии",Финальную передачу,CP-15; AN-01,,Нет,Нет,,06_Site_Photos_Reports,[ID после выбора системы],Не начато / требует данных
BC-01,Бюджет / контракт,Смета / согласования,BOQ и сопоставимая постатейная смета,"CP-04, проверенные количества, котировки и список допущений",Свести работы/материалы/доставку/VAT/allowances/исключения без скрытого scope,Алексей,Пользователь + Ирина,До CP-05,[дата — после подтверждения графика],"BOQ, минимум одна сопоставимая база цен и перечень допущений",Договор и решение о старте,CP-04,СТОП: точные количества не считать до обмера,Нет,Нет,A06,04_Budget_Contracts,[ID после выбора системы],Не начато / требует данных
BC-02,Бюджет / контракт,Смета / согласования,"Ответственность, оплаты и изменения","BC-01, перечень специалистов, закупочная модель и гарантии","Зафиксировать, кто закупает/подписывает/гарантирует, payment gates и variation orders",Пользователь,Ирина + Алексей,До CP-05,[дата — после подтверждения графика],Подписанная RACI и приложение к договору,Мобилизацию и контроль допработ,BC-01,,Нет,Нет,A02; A06; A09,04_Budget_Contracts,[ID после выбора системы],Не начато / требует данных
